{
    "frames": [
        {
            "filename": "attack1",
            "frame": {
                "w": 587,
                "h": 707,
                "x": 1,
                "y": 1
            },  
            "anchor": {
                "x": 0.5,
                "y": 0.5
            }
        },
        {
            "filename": "attack2",
            "frame": {
                "w": 587,
                "h": 707,
                "x": 590,
                "y": 1
            },
            "anchor": {
                "x": 0.5,
                "y": 0.5
            }
        },
        {
            "filename": "attack3",
            "frame": {
                "w": 587,
                "h": 707,
                "x": 1179,
                "y": 1
            },
            "anchor": {
                "x": 0.5,
                "y": 0.5
            }
        },
        {
            "filename": "attack4",
            "frame": {
                "w": 587,
                "h": 707,
                "x": 1768,
                "y": 1
            },
            "anchor": {
                "x": 0.5,
                "y": 0.5
            }
        },
        {
            "filename": "attack5",
            "frame": {
                "w": 587,
                "h": 707,
                "x": 2357,
                "y": 1
            },
            "anchor": {
                "x": 0.5,
                "y": 0.5
            }
        },
        {
            "filename": "attack6",
            "frame": {
                "w": 587,
                "h": 707,
                "x": 2946,
                "y": 1
            },
            "anchor": {
                "x": 0.5,
                "y": 0.5
            }
        },
        {
            "filename": "attack7",
            "frame": {
                "w": 587,
                "h": 707,
                "x": 3535,
                "y": 1
            },
            "anchor": {
                "x": 0.5,
                "y": 0.5
            }
        },
        {
            "filename": "attack8",
            "frame": {
                "w": 587,
                "h": 707,
                "x": 4124,
                "y": 1
            },
            "anchor": {
                "x": 0.5,
                "y": 0.5
            }
        },
        {
            "filename": "attack9",
            "frame": {
                "w": 587,
                "h": 707,
                "x": 4713,
                "y": 1
            },
            "anchor": {
                "x": 0.5,
                "y": 0.5
            }
        },
        {
            "filename": "attack10",
            "frame": {
                "w": 587,
                "h": 707,
                "x": 5302,
                "y": 1
            },
            "anchor": {
                "x": 0.5,
                "y": 0.5
            }
        }
    ],
    "meta": {
        "description": "Atlas generado con Atlas Packer Gamma V2",
        "web": "https://gammafp.github.io/atlas-packer-phaser/"
    }
}