{
    "frames": [
        {
            "filename": "movimientofuego1",
            "frame": {
                "w": 338,
                "h": 338,
                "x": 0,
                "y": 0
            },
            "anchor": {
                "x": 0.5,
                "y": 0.5
            }
        },
        {
            "filename": "movimientofuego2",
            "frame": {
                "w": 338,
                "h": 338,
                "x": 338,
                "y": 0
            },
            "anchor": {
                "x": 0.5,
                "y": 0.5
            }
        },
        {
            "filename": "movimientofuego3",
            "frame": {
                "w": 338,
                "h": 338,
                "x": 0,
                "y": 338
            },
            "anchor": {
                "x": 0.5,
                "y": 0.5
            }
        }
    ],
    "meta": {
        "description": "Atlas generado con Atlas Packer Gamma V2",
        "web": "https://gammafp.github.io/atlas-packer-phaser/"
    }
}